Mars_Perseverance_NLF_1636_0812155960_575ECM_N0790732NCAM00501_01_295J.png,,9/27/25
Mars_Perseverance_NLF_1635_0812095870_631ECM_N0790732NCAM00501_01_295J.png,,9/26/25
Mars_Perseverance_NLF_1635_0812087496_551ECM_N0790732NCAM15635_05_095J.png,,9/26/25
Mars_Perseverance_NRF_1635_0812087106_550ECM_N0790732NCAM15635_01_095J.png,,9/25/25
Mars_Perseverance_NRF_1635_0812086852_565ECM_N0790732NCAM15635_04_095J.png,,9/25/25
Mars_Perseverance_NRF_1635_0812086680_883ECM_N0790732NCAM02635_01_195J.png,,9/25/25
Mars_Perseverance_NLF_1635_0812086852_565ECM_N0790732NCAM15635_04_095J.png,,9/25/25
Mars_Perseverance_NRF_1635_0812086089_112ECM_N0790732NCAM03635_01_095J.png,,9/25/25
Mars_Perseverance_NLF_1634_0811989873_493ECM_N0790596NCAM00501_01_295J.png,,9/24/25
Mars_Perseverance_NLF_1634_0811990013_479ECM_N0790596NCAM00501_01_295J.png,,9/24/25
Mars_Perseverance_NLF_1634_0811989953_551ECM_N0790596NCAM00501_01_295J.png,,9/24/25
Mars_Perseverance_NLF_1634_0811979213_409ECM_N0790596NCAM00501_01_295J.png,,9/23/25
Mars_Perseverance_FLF_1633_0811908751_903ECM_N0790596FHAZ00206_01_295J.png,,9/23/25
Mars_Perseverance_NLF_1633_0811890433_362ECM_N0790596NCAM00501_01_295J.png,,9/23/25
Mars_Perseverance_ZR0_1632_0811811637_956EBY_N0790596ZCAM09716_1100LMJ.png,,9/22/25
Mars_Perseverance_ZL0_1632_0811811637_956EBY_N0790596ZCAM09716_1100LMJ.png,,9/22/25
Mars_Perseverance_NLF_1631_0811747791_051ECM_N0790596NCAM00501_01_295J.png,,9/21/25
Mars_Perseverance_NLF_1631_0811747720_005ECM_N0790596NCAM00501_01_295J.png,,9/21/25
Mars_Perseverance_FLF_1631_0811736785_132ECM_N0790596FHAZ00206_01_295J.png,,9/21/25
Mars_Perseverance_FRF_1631_0811735460_491ECM_N0790596FHAZ02008_12_095J.png,,9/21/25
Mars_Perseverance_FLF_1631_0811732328_348ECM_N0790596FHAZ00203_10_195J.png,,9/21/25
Mars_Perseverance_FRF_1631_0811732328_348ECM_N0790596FHAZ00203_10_195J.png,,9/21/25
Mars_Perseverance_NLF_1630_0811655474_301ECM_N0790596NCAM00501_01_295J.png,,9/20/25
Mars_Perseverance_NLF_1630_0811655407_380ECM_N0790596NCAM00501_01_295J.png,,9/20/25
Mars_Perseverance_NLF_1630_0811655336_362ECM_N0790596NCAM00501_01_295J.png,,9/20/25
Mars_Perseverance_NLF_1630_0811655256_284ECM_N0790596NCAM00501_01_295J.png,,9/20/25
Mars_Perseverance_NLF_1630_0811621437_881ECM_N0790596NCAM00501_01_295J.png,,9/20/25
Mars_Perseverance_NRF_1629_0811566194_771ECM_N0790596NCAM14629_04_195J.png,,9/19/25
Mars_Perseverance_NRF_1629_0811566194_771ECM_N0790596NCAM14629_01_195J.png,,9/19/25
Mars_Perseverance_NRF_1629_0811565930_756ECM_N0790596NCAM14629_04_195J.png,,9/19/25
Mars_Perseverance_NLF_1629_0811565609_722ECM_N0790596NCAM02629_01_195J.png,,9/19/25
Mars_Perseverance_NLF_1629_0811557454_258ECM_N0790596NCAM00501_01_295J.png,,9/19/25